<?xml version="1.0" encoding="UTF-8"?><module codename="com.bitresolution.scribble.scribble.app.branding">
    <module_version install_time="1441139540798" last="true" origin="installer" specification_version="1.0">
        <file crc="2126897503" name="config/Modules/com-bitresolution-scribble-scribble-app-branding.xml"/>
        <file crc="326864827" name="core/locale/core_scribbleapp.jar"/>
        <file crc="814977330" name="modules/com-bitresolution-scribble-scribble-app-branding.jar"/>
        <file crc="964851370" name="modules/ext/com.bitresolution.scribble.scribble-app-branding/aopalliance/aopalliance.jar"/>
        <file crc="3985015904" name="modules/ext/com.bitresolution.scribble.scribble-app-branding/ch-qos-logback/logback-classic.jar"/>
        <file crc="360684293" name="modules/ext/com.bitresolution.scribble.scribble-app-branding/ch-qos-logback/logback-core.jar"/>
        <file crc="526264067" name="modules/ext/com.bitresolution.scribble.scribble-app-branding/org-slf4j/jcl-over-slf4j.jar"/>
        <file crc="76922161" name="modules/ext/com.bitresolution.scribble.scribble-app-branding/org-slf4j/slf4j-api.jar"/>
        <file crc="2805137465" name="modules/ext/com.bitresolution.scribble.scribble-app-branding/org-springframework/spring-aop.jar"/>
        <file crc="4013547423" name="modules/ext/com.bitresolution.scribble.scribble-app-branding/org-springframework/spring-beans.jar"/>
        <file crc="417327919" name="modules/ext/com.bitresolution.scribble.scribble-app-branding/org-springframework/spring-context.jar"/>
        <file crc="1485952676" name="modules/ext/com.bitresolution.scribble.scribble-app-branding/org-springframework/spring-core.jar"/>
        <file crc="694852422" name="modules/ext/com.bitresolution.scribble.scribble-app-branding/org-springframework/spring-expression.jar"/>
        <file crc="1226474360" name="modules/locale/org-netbeans-core-windows_scribbleapp.jar"/>
        <file crc="939705452" name="modules/locale/org-netbeans-core_scribbleapp.jar"/>
    </module_version>
</module>
