<?xml version="1.0" encoding="UTF-8"?><module codename="org.netbeans.modules.masterfs.windows">
    <module_version install_time="1441139540202" last="true" origin="installer" specification_version="1.11.1">
        <file crc="2941073432" name="config/Modules/org-netbeans-modules-masterfs-windows.xml"/>
        <file crc="2918828958" name="modules/locale/org-netbeans-modules-masterfs-windows_ja.jar"/>
        <file crc="3934713186" name="modules/locale/org-netbeans-modules-masterfs-windows_pt_BR.jar"/>
        <file crc="1503650411" name="modules/locale/org-netbeans-modules-masterfs-windows_ru.jar"/>
        <file crc="581886571" name="modules/locale/org-netbeans-modules-masterfs-windows_zh_CN.jar"/>
        <file crc="4164892769" name="modules/org-netbeans-modules-masterfs-windows.jar"/>
    </module_version>
</module>
