<?xml version="1.0" encoding="UTF-8"?><module codename="org.netbeans.modules.masterfs.nio2">
    <module_version install_time="1441139540190" last="true" origin="installer" specification_version="1.11.1">
        <file crc="1000323626" name="config/Modules/org-netbeans-modules-masterfs-nio2.xml"/>
        <file crc="381749581" name="modules/locale/org-netbeans-modules-masterfs-nio2_ja.jar"/>
        <file crc="1179346623" name="modules/locale/org-netbeans-modules-masterfs-nio2_pt_BR.jar"/>
        <file crc="2115046080" name="modules/locale/org-netbeans-modules-masterfs-nio2_ru.jar"/>
        <file crc="3653862644" name="modules/locale/org-netbeans-modules-masterfs-nio2_zh_CN.jar"/>
        <file crc="648553250" name="modules/org-netbeans-modules-masterfs-nio2.jar"/>
    </module_version>
</module>
