<?xml version="1.0" encoding="UTF-8"?><module codename="org.netbeans.core/2">
    <module_version install_time="1441139539419" last="true" origin="installer" specification_version="3.45.1">
        <file crc="1234898518" name="config/ModuleAutoDeps/org-netbeans-core.xml"/>
        <file crc="2943625018" name="config/Modules/org-netbeans-core.xml"/>
        <file crc="2050049754" name="modules/locale/org-netbeans-core_ja.jar"/>
        <file crc="2377359080" name="modules/locale/org-netbeans-core_pt_BR.jar"/>
        <file crc="2252021981" name="modules/locale/org-netbeans-core_ru.jar"/>
        <file crc="3786589007" name="modules/locale/org-netbeans-core_zh_CN.jar"/>
        <file crc="214415019" name="modules/org-netbeans-core.jar"/>
    </module_version>
</module>
