<?xml version="1.0" encoding="UTF-8"?><module codename="org.netbeans.core.nativeaccess/1">
    <module_version install_time="1441139539211" last="true" origin="installer" specification_version="1.26.1">
        <file crc="1370516056" name="config/Modules/org-netbeans-core-nativeaccess.xml"/>
        <file crc="1711688196" name="modules/locale/org-netbeans-core-nativeaccess_ja.jar"/>
        <file crc="4271201645" name="modules/locale/org-netbeans-core-nativeaccess_pt_BR.jar"/>
        <file crc="2603491502" name="modules/locale/org-netbeans-core-nativeaccess_ru.jar"/>
        <file crc="866273252" name="modules/locale/org-netbeans-core-nativeaccess_zh_CN.jar"/>
        <file crc="2761584108" name="modules/org-netbeans-core-nativeaccess.jar"/>
    </module_version>
</module>
