<?xml version="1.0" encoding="UTF-8"?><module codename="org.netbeans.modules.spi.actions/1">
    <module_version install_time="1441139540388" last="true" origin="installer" specification_version="1.23.1">
        <file crc="1336977091" name="config/Modules/org-netbeans-modules-spi-actions.xml"/>
        <file crc="3260316973" name="modules/locale/org-netbeans-modules-spi-actions_ja.jar"/>
        <file crc="3776464878" name="modules/locale/org-netbeans-modules-spi-actions_pt_BR.jar"/>
        <file crc="791976121" name="modules/locale/org-netbeans-modules-spi-actions_ru.jar"/>
        <file crc="1314492653" name="modules/locale/org-netbeans-modules-spi-actions_zh_CN.jar"/>
        <file crc="2047735638" name="modules/org-netbeans-modules-spi-actions.jar"/>
    </module_version>
</module>
